TestItem,Function,Mode,Low Limit,Up Limit,Next Step,Level
Test:Function1,function1,test,nan,nan,continue,root
Test:Function1:Child1,function1,test,-1,1,continue,child
Test:Function1:Child2,function1,test,-1,1,continue,child
Test:Function2,function2,skip,-1,1,continue,root
Test:Function3,function3,test,-1,4,continue,root
Test:Function4,function4,test,-1,1,continue,root
Test:Function5,function5,test,-1,1,continue,root
Test:Function6,function6,test,-1,1,continue,root
Test:Function7,function7,test,-1,1,continue,root
Test:Function8,function8,test,-1,1,continue,root
Test:Function9,function9,test,-1,1,continue,root
Test:Function10,function9,test,-1,1,continue,root
Test:Function11,function10,test,-1,1,continue,root
